<?xml version="1.0" encoding="UTF-8"?>
<project-private xmlns="http://www.netbeans.org/ns/project-private/1">
    <editor-bookmarks xmlns="http://www.netbeans.org/ns/editor-bookmarks/2" lastBookmarkId="0"/>
    <open-files xmlns="http://www.netbeans.org/ns/projectui-open-files/2">
        <group>
            <file>file:/D:/workspace/1104%20442%20Pattern%20and%20Software%20Design/wk08%20Proxy%20Flyweight/FlyweightByDerek/src/MyRect.java</file>
            <file>file:/D:/workspace/1104%20442%20Pattern%20and%20Software%20Design/wk08%20Proxy%20Flyweight/FlyweightByDerek/src/RectFactory.java</file>
            <file>file:/D:/workspace/1104%20442%20Pattern%20and%20Software%20Design/wk08%20Proxy%20Flyweight/FlyweightByDerek/src/FlyWeightTest.java</file>
        </group>
    </open-files>
</project-private>
